"","low","med","high"
"E1",0.357142857142857,0.5,0.142857142857143
"E2",0.214285714285714,0.547619047619048,0.238095238095238
"E3",0.218390804597701,0.333333333333333,0.448275862068966
"E4",0.118811881188119,0.396039603960396,0.485148514851485
"E5",0.115384615384615,0.269230769230769,0.615384615384615
