"","none","light","medium","heavy"
"SM",0.363636363636364,0.181818181818182,0.272727272727273,0.181818181818182
"JM",0.222222222222222,0.166666666666667,0.388888888888889,0.222222222222222
"SE",0.490196078431373,0.196078431372549,0.235294117647059,0.0784313725490196
"JE",0.204545454545455,0.272727272727273,0.375,0.147727272727273
"SC",0.4,0.24,0.28,0.08
